Province,City,Population
Anhui,合肥市,5055978
Anhui,芜湖市,1598165
Anhui,淮南市,1255619
Anhui,阜阳市,1191810
Anhui,蚌埠市,1077704
Anhui,六安市,1069940
Anhui,宿州市,920722
Anhui,淮北市,830891
Anhui,马鞍山市,784608
Anhui,亳州市,750569
Anhui,安庆市,728501
Anhui,滁州市,648861
Anhui,铜陵市,626040
Anhui,太和县,614876
Anhui,肥西县,612477
Anhui,肥东县,601520
Anhui,临泉县,505006
Anhui,巢湖市,492952
Anhui,蒙城县,480168
Anhui,颍上县,475233
Anhui,庐江县,475100
Anhui,长丰县,471250
Anhui,涡阳县,447959
Anhui,利辛县,444796
Anhui,宣城市,442841
Anhui,濉溪县,433211
Anhui,天长市,433085
Anhui,黄山市,418990
Anhui,池州市,417336
Anhui,无为市,417265
Anhui,桐城市,398423
Anhui,萧县,374732
Anhui,砀山县,373965
Anhui,寿县,359700
Anhui,灵璧县,354086
Anhui,怀远县,347234
Anhui,阜南县,346564
Anhui,霍邱县,334257
Anhui,舒城县,319456
Anhui,凤阳县,315375
Anhui,广德县,314649
Anhui,界首市,308493
Anhui,泗县,306522
Anhui,定远县,303835
Anhui,当涂县,281650
Anhui,宁国市,272705
Anhui,明光市,269573
Anhui,全椒县,256177
Anhui,宿松县,245326
Anhui,枞阳县,241942
Anhui,湾沚区,241358
Anhui,怀宁县,241120
Anhui,来安县,238798
Anhui,潜山市,238099
Anhui,凤台县,237410
Anhui,五河县,233023
Anhui,南陵县,232557
Anhui,东至县,221424
Anhui,金寨县,208351
Anhui,和县,205671
Anhui,霍山县,198342
Anhui,郎溪县,197399
Anhui,含山县,187909
Anhui,太湖县,176506
Anhui,歙县,161253
Anhui,望江县,160313
Anhui,固镇县,157596
Anhui,繁昌县,146003
Anhui,泾县,145568
Anhui,青阳县,128607
Anhui,岳西县,124212
Anhui,休宁县,88754
Anhui,博望区,88712
Anhui,绩溪县,82619
Anhui,祁门县,74438
Beijing,北京市,18960744
Beijing,延庆区,205689
Chongqing,重庆市,9580819
Chongqing,万州区,1078149
Chongqing,江津区,817888
Chongqing,永川区,803458
Chongqing,涪陵区,801151
Chongqing,合川区,795780
Chongqing,开州区,608485
Chongqing,璧山区,535680
Chongqing,大足区,505131
Chongqing,綦江区,500510
Chongqing,云阳县,491309
Chongqing,长寿区,484331
Chongqing,铜梁区,423008
Chongqing,潼南区,401323
Chongqing,荣昌区,400527
Chongqing,奉节县,368869
Chongqing,南川区,348987
Chongqing,忠县,348004
Chongqing,梁平区,323483
Chongqing,垫江县,320460
Chongqing,黔江区,288462
Chongqing,丰都县,274294
Chongqing,酉阳土家族苗族自治县,256260
Chongqing,彭水苗族土家族自治县,256007
Chongqing,石柱土家族自治县,225190
Chongqing,秀山土家族苗族自治县,224955
Chongqing,巫山县,200671
Chongqing,万盛经济技术开发区,187007
Chongqing,武隆区,175838
Chongqing,巫溪县,156732
Chongqing,城口县,81260
Fujian,厦门市,4617251
Fujian,福州市,3723454
Fujian,漳州市,1565071
Fujian,莆田市,1539389
Fujian,泉州市,1469157
Fujian,晋江市,1416151
Fujian,南安市,936897
Fujian,福清市,744774
Fujian,龙岩市,722334
Fujian,闽侯县,593963
Fujian,石狮市,589902
Fujian,惠安县,584053
Fujian,安溪县,498061
Fujian,仙游县,473860
Fujian,漳浦县,466953
Fujian,宁德市,425499
Fujian,福安市,397068
Fujian,三明市,378423
Fujian,福鼎市,351341
Fujian,南平市,327596
Fujian,连江县,323972
Fujian,霞浦县,289598
Fujian,德化县,259496
Fujian,永春县,258934
Fujian,诏安县,255173
Fujian,永安市,248425
Fujian,建瓯市,226100
Fujian,云霄县,223883
Fujian,邵武市,217836
Fujian,平和县,215480
Fujian,长汀县,212617
Fujian,建阳区,209876
Fujian,平潭县,207444
Fujian,上杭县,193718
Fujian,罗源县,182607
Fujian,沙县区,176226
Fujian,尤溪县,166631
Fujian,永定区,163947
Fujian,大田县,162066
Fujian,南靖县,162029
Fujian,古田县,160506
Fujian,武夷山市,159308
Fujian,武平县,147995
Fujian,漳平市,147462
Fujian,浦城县,143301
Fujian,东山县,141511
Fujian,宁化县,126219
Fujian,连城县,124550
Fujian,永泰县,121768
Fujian,闽清县,112260
Fujian,政和县,93025
Fujian,顺昌县,92001
Fujian,寿宁县,88595
Fujian,将乐县,85175
Fujian,周宁县,78954
Fujian,华安县,71401
Gansu,兰州市,3012577
Gansu,天水市,752900
Gansu,武威市,467726
Gansu,平凉市,332399
Gansu,酒泉市,327492
Gansu,庆阳市,318298
Gansu,临夏市,315082
Gansu,白银市,306599
Gansu,嘉峪关市,295257
Gansu,张掖市,278092
Gansu,陇南市,243502
Gansu,金昌市,237927
Gansu,榆中县,233289
Gansu,定西市,222386
Gansu,陇西县,219132
Gansu,临洮县,188693
Gansu,甘谷县,183768
Gansu,兰州新区,167044
Gansu,平川区,147724
Gansu,靖远县,147185
Gansu,会宁县,141900
Gansu,秦安县,140593
Gansu,永登县,138883
Gansu,武山县,130600
Gansu,敦煌市,129853
Gansu,礼县,128219
Gansu,成县,121129
Gansu,岷县,115495
Gansu,静宁县,112976
Gansu,景泰县,111860
Gansu,华亭市,110695
Gansu,环县,110333
Gansu,宁县,108778
Gansu,镇原县,104689
Gansu,永昌县,101084
Gansu,西和县,97876
Gansu,庆城县,95391
Gansu,庄浪县,95390
Gansu,永靖县,94847
Gansu,民乐县,89881
Gansu,广河县,89677
Gansu,通渭县,87686
Gansu,玉门市,87544
Gansu,泾川县,86982
Gansu,山丹县,82687
Gansu,古浪县,79337
Gansu,徽县,79190
Gansu,清水县,79146
Gansu,渭源县,79098
Gansu,合作市,75650
Gansu,张家川回族自治县,73179
Gansu,民勤县,71594
Gansu,正宁县,71405
Guangdong,深圳市,17444609
Guangdong,广州市,16096724
Guangdong,东莞市,9644871
Guangdong,佛山市,9042509
Guangdong,中山市,3841873
Guangdong,汕头市,3838900
Guangdong,惠州市,2900113
Guangdong,珠海市,2207090
Guangdong,江门市,1795459
Guangdong,湛江市,1400709
Guangdong,茂名市,1307802
Guangdong,潮州市,1254007
Guangdong,揭阳市,1242906
Guangdong,清远市,1197581
Guangdong,肇庆市,1035810
Guangdong,普宁市,935668
Guangdong,阳江市,859595
Guangdong,韶关市,803375
Guangdong,博罗县,712593
Guangdong,梅州市,694495
Guangdong,河源市,662950
Guangdong,惠东县,640377
Guangdong,陆丰市,545474
Guangdong,海丰县,537278
Guangdong,高州市,490301
Guangdong,化州市,472746
Guangdong,四会市,452536
Guangdong,廉江市,443812
Guangdong,惠来县,437430
Guangdong,台山市,433266
Guangdong,开平市,430035
Guangdong,信宜市,418731
Guangdong,雷州市,412291
Guangdong,英德市,398066
Guangdong,饶平县,394636
Guangdong,吴川市,388714
Guangdong,云浮市,380044
Guangdong,兴宁市,365661
Guangdong,阳春市,360359
Guangdong,汕尾市,345373
Guangdong,鹤山市,334432
Guangdong,五华县,331583
Guangdong,罗定市,317060
Guangdong,遂溪县,289536
Guangdong,丰顺县,254264
Guangdong,恩平市,251742
Guangdong,徐闻县,238402
Guangdong,怀集县,221882
Guangdong,揭西县,209233
Guangdong,紫金县,207394
Guangdong,乐昌市,199438
Guangdong,龙川县,197714
Guangdong,阳西县,189866
Guangdong,新兴县,185930
Guangdong,连州市,176572
Guangdong,南雄市,171215
Guangdong,广宁县,164249
Guangdong,郁南县,160255
Guangdong,大埔县,154719
Guangdong,阳山县,154401
Guangdong,龙门县,146193
Guangdong,佛冈县,136789
Guangdong,陆河县,133178
Guangdong,封开县,124170
Guangdong,和平县,115301
Guangdong,翁源县,114951
Guangdong,连平县,105906
Guangdong,新丰县,102680
Guangdong,蕉岭县,101777
Guangdong,德庆县,99967
Guangdong,平远县,95296
Guangdong,东源县,86903
Guangdong,乳源瑶族自治县,86827
Guangdong,始兴县,81780
Guangdong,仁化县,76629
Guangxi,南宁市,4582703
Guangxi,柳州市,2204841
Guangxi,桂林市,1361244
Guangxi,贵港市,921440
Guangxi,玉林市,877561
Guangxi,钦州市,771052
Guangxi,梧州市,665910
Guangxi,桂平市,652210
Guangxi,北海市,651091
Guangxi,博白县,599279
Guangxi,平南县,584474
Guangxi,北流市,573761
Guangxi,贺州市,560686
Guangxi,来宾市,531511
Guangxi,防城港市,416752
Guangxi,岑溪市,397639
Guangxi,灵山县,391284
Guangxi,藤县,380903
Guangxi,横县,372273
Guangxi,陆川县,364251
Guangxi,宾阳县,362779
Guangxi,武鸣区,356820
Guangxi,百色市,337516
Guangxi,合浦县,305822
Guangxi,容县,277620
Guangxi,平果市,277500
Guangxi,河池市,268122
Guangxi,崇左市,265077
Guangxi,都安瑶族自治县,245021
Guangxi,宜州区,235908
Guangxi,浦北县,225138
Guangxi,全州县,214979
Guangxi,灵川县,210194
Guangxi,扶绥县,192689
Guangxi,兴业县,191425
Guangxi,鹿寨县,186714
Guangxi,田阳区,176467
Guangxi,昭平县,159706
Guangxi,融水苗族自治县,159467
Guangxi,田东县,155950
Guangxi,东兴市,155538
Guangxi,钟山县,155076
Guangxi,武宣县,151671
Guangxi,柳城县,151595
Guangxi,靖西市,150456
Guangxi,荔浦市,146753
Guangxi,南丹县,138640
Guangxi,大化瑶族自治县,134949
Guangxi,上林县,122426
Guangxi,罗城仫佬族自治县,122161
Guangxi,兴安县,117537
Guangxi,马山县,116196
Guangxi,象州县,115461
Guangxi,融安县,113841
Guangxi,富川瑶族自治县,113719
Guangxi,环江毛南族自治县,111118
Guangxi,忻城县,110567
Guangxi,隆安县,110307
Guangxi,宁明县,106750
Guangxi,大新县,101841
Guangxi,平乐县,101187
Guangxi,隆林各族自治县,93051
Guangxi,三江侗族自治县,91236
Guangxi,巴马瑶族自治县,90491
Guangxi,永福县,88363
Guangxi,天等县,87043
Guangxi,阳朔县,85931
Guangxi,灌阳县,85330
Guangxi,德保县,84307
Guangxi,苍梧县,82743
Guangxi,龙州县,82587
Guangxi,凭祥市,81773
Guangxi,恭城瑶族自治县,81521
Guangxi,凌云县,71892
Guangxi,合山市,48873
Guizhou,贵阳市,4021275
Guizhou,遵义市,1675245
Guizhou,毕节市,695174
Guizhou,兴义市,649497
Guizhou,六盘水市,606797
Guizhou,凯里市,519243
Guizhou,安顺市,513850
Guizhou,威宁彝族回族苗族自治县,463564
Guizhou,铜仁市,423078
Guizhou,盘州市,420894
Guizhou,仁怀市,361723
Guizhou,清镇市,350665
Guizhou,都匀市,348954
Guizhou,织金县,347931
Guizhou,黔西县,340348
Guizhou,大方县,323897
Guizhou,纳雍县,292089
Guizhou,金沙县,274114
Guizhou,桐梓县,247297
Guizhou,习水县,247219
Guizhou,水城县,241908
Guizhou,瓮安县,241886
Guizhou,六枝特区,211956
Guizhou,惠水县,193872
Guizhou,思南县,189270
Guizhou,湄潭县,188220
Guizhou,开阳县,186254
Guizhou,德江县,184746
Guizhou,绥阳县,172541
Guizhou,平坝区,171804
Guizhou,沿河土家族自治县,171066
Guizhou,赫章县,169215
Guizhou,兴仁市,169210
Guizhou,务川仡佬族苗族自治县,168349
Guizhou,正安县,167211
Guizhou,松桃苗族自治县,166569
Guizhou,黎平县,162522
Guizhou,福泉市,153763
Guizhou,安龙县,151747
Guizhou,普定县,144892
Guizhou,凤冈县,144414
Guizhou,罗甸县,142544
Guizhou,赤水市,138699
Guizhou,修文县,131379
Guizhou,贵定县,130913
Guizhou,道真仡佬族苗族自治县,128274
Guizhou,龙里县,127891
Guizhou,独山县,126745
Guizhou,印江土家族苗族自治县,121416
Guizhou,贞丰县,117914
Guizhou,天柱县,115893
Guizhou,镇宁布依族苗族自治县,114644
Guizhou,余庆县,106030
Guizhou,关岭布依族苗族自治县,105448
Guizhou,息烽县,104498
Guizhou,榕江县,102099
Guizhou,石阡县,102074
Guizhou,三都水族自治县,101991
Guizhou,紫云苗族布依族自治县,95977
Guizhou,镇远县,94217
Guizhou,黄平县,93992
Guizhou,望谟县,88704
Guizhou,长顺县,86653
Guizhou,江口县,81867
Guizhou,平塘县,79179
Guizhou,玉屏侗族自治县,78588
Guizhou,三穗县,78555
Guizhou,晴隆县,76937
Guizhou,普安县,75258
Guizhou,剑河县,74541
Guizhou,岑巩县,74366
Guizhou,从江县,72219
Guizhou,册亨县,61671
Hainan,海口市,2349239
Hainan,三亚市,724854
Hainan,儋州市,452158
Hainan,文昌市,341862
Hainan,澄迈县,300915
Hainan,琼海市,262524
Hainan,东方市,257936
Hainan,万宁市,225608
Hainan,临高县,210779
Hainan,陵水黎族自治县,158159
Hainan,乐东黎族自治县,145063
Hainan,昌江黎族自治县,140954
Hainan,定安县,115856
Hainan,屯昌县,114523
Hainan,五指山市,67645
Hainan,洋浦经济开发区,63885
Hainan,琼中黎族苗族自治县,54785
Hainan,保亭黎族苗族自治县,54223
Hebei,石家庄市,5090440
Hebei,唐山市,2549968
Hebei,邯郸市,2095134
Hebei,保定市,1940384
Hebei,秦皇岛市,1520199
Hebei,邢台市,1480754
Hebei,张家口市,1339384
Hebei,廊坊市,886490
Hebei,衡水市,885468
Hebei,三河市,760107
Hebei,沧州市,759403
Hebei,承德市,604354
Hebei,定州市,577440
Hebei,迁安市,466210
Hebei,黄骅市,465826
Hebei,高碑店市,459369
Hebei,任丘市,458878
Hebei,霸州市,455923
Hebei,武安市,453442
Hebei,涿州市,395792
Hebei,遵化市,392821
Hebei,辛集市,368208
Hebei,魏县,357500
Hebei,正定县,355785
Hebei,宁晋县,342341
Hebei,固安县,342159
Hebei,香河县,330665
Hebei,峰峰矿区,327532
Hebei,大名县,317877
Hebei,曹妃甸区,301242
Hebei,河间市,296820
Hebei,玉田县,296238
Hebei,临漳县,290955
Hebei,徐水区,287983
Hebei,新乐市,281458
Hebei,滦州市,278807
Hebei,文安县,266761
Hebei,沙河市,265977
Hebei,泊头市,264187
Hebei,清河县,254224
Hebei,曲周县,244750
Hebei,乐亭县,240945
Hebei,涉县,239933
Hebei,晋州市,238153
Hebei,滦南县,237640
Hebei,磁县,235811
Hebei,雄县,235236
Hebei,曲阳县,235213
Hebei,蠡县,231467
Hebei,定兴县,230023
Hebei,平泉市,228261
Hebei,张北县,227285
Hebei,昌黎县,227270
Hebei,青县,226363
Hebei,平山县,219902
Hebei,景县,217383
Hebei,蔚县,215790
Hebei,大城县,215121
Hebei,隆尧县,212776
Hebei,怀来县,211641
Hebei,故城县,207499
Hebei,献县,203715
Hebei,赵县,200524
Hebei,枣强县,200423
Hebei,迁西县,200036
Hebei,易县,199500
Hebei,深州市,197414
Hebei,威县,194464
Hebei,安平县,191674
Hebei,唐县,191066
Hebei,盐山县,190096
Hebei,安国市,189925
Hebei,元氏县,188316
Hebei,肥乡区,188215
Hebei,安新县,186713
Hebei,无极县,186172
Hebei,南宫市,183450
Hebei,成安县,181879
Hebei,平乡县,177125
Hebei,永清县,176869
Hebei,围场满族蒙古族自治县,174027
Hebei,东光县,170863
Hebei,肃宁县,170261
Hebei,涞水县,163459
Hebei,涞源县,162973
Hebei,馆陶县,157033
Hebei,丰宁满族自治县,148332
Hebei,高阳县,148172
Hebei,承德县,146317
Hebei,容城县,145215
Hebei,巨鹿县,142982
Hebei,灵寿县,142289
Hebei,鸡泽县,141302
Hebei,广平县,141156
Hebei,临西县,141043
Hebei,宽城满族自治县,140890
Hebei,涿鹿县,138859
Hebei,隆化县,138768
Hebei,南皮县,137293
Hebei,兴隆县,135924
Hebei,青龙满族自治县,135890
Hebei,行唐县,135039
Hebei,井陉县,132756
Hebei,滦平县,129894
Hebei,阜城县,128454
Hebei,沧县,125085
Hebei,卢龙县,123352
Hebei,望都县,122493
Hebei,武邑县,122183
Hebei,内丘县,115960
Hebei,阳原县,115758
Hebei,博野县,113588
Hebei,邱县,112644
Hebei,顺平县,109612
Hebei,大厂回族自治县,109011
Hebei,孟村回族自治县,104220
Hebei,广宗县,102448
Hebei,高邑县,100414
Hebei,阜平县,100321
Hebei,赤城县,100137
Hebei,沽源县,97967
Hebei,饶阳县,96783
Hebei,怀安县,94361
Hebei,深泽县,94216
Hebei,临城县,90920
Hebei,吴桥县,88004
Hebei,赞皇县,83176
Hebei,柏乡县,77541
Hebei,海兴县,72299
Heilongjiang,哈尔滨市,5242897
Heilongjiang,大庆市,1604027
Heilongjiang,齐齐哈尔市,1029522
Heilongjiang,牡丹江市,808216
Heilongjiang,佳木斯市,698557
Heilongjiang,鸡西市,626019
Heilongjiang,鹤岗市,514826
Heilongjiang,七台河市,426065
Heilongjiang,双鸭山市,388847
Heilongjiang,绥化市,355700
Heilongjiang,伊春市,331640
Heilongjiang,阿城区,322530
Heilongjiang,肇东市,312289
Heilongjiang,五常市,256842
Heilongjiang,尚志市,246880
Heilongjiang,富锦市,240925
Heilongjiang,双城区,239931
Heilongjiang,嫩江市,223587
Heilongjiang,北安市,213850
Heilongjiang,安达市,196645
Heilongjiang,讷河市,193396
Heilongjiang,黑河市,189471
Heilongjiang,密山市,186287
Heilongjiang,虎林市,184294
Heilongjiang,海林市,180669
Heilongjiang,铁力市,173360
Heilongjiang,富拉尔基区,170169
Heilongjiang,海伦市,164766
Heilongjiang,宾县,162735
Heilongjiang,宝清县,156506
Heilongjiang,萝北县,145075
Heilongjiang,绥棱县,142759
Heilongjiang,肇源县,141326
Heilongjiang,五大连池市,135828
Heilongjiang,巴彦县,135099
Heilongjiang,加格达奇区,133790
Heilongjiang,龙江县,125179
Heilongjiang,宁安市,123311
Heilongjiang,集贤县,119384
Heilongjiang,桦南县,114107
Heilongjiang,依兰县,113401
Heilongjiang,同江市,112222
Heilongjiang,绥芬河市,111455
Heilongjiang,肇州县,108439
Heilongjiang,勃利县,106061
Heilongjiang,依安县,104985
Heilongjiang,通河县,104952
Heilongjiang,庆安县,104230
Heilongjiang,青冈县,103214
Heilongjiang,富裕县,102726
Heilongjiang,方正县,99903
Heilongjiang,望奎县,97036
Heilongjiang,甘南县,97033
Heilongjiang,林口县,96140
Heilongjiang,东宁市,96018
Heilongjiang,鸡东县,95091
Heilongjiang,泰来县,92066
Heilongjiang,兰西县,91569
Heilongjiang,穆棱市,91287
Heilongjiang,杜尔伯特蒙古族自治县,90064
Heilongjiang,饶河县,87898
Heilongjiang,汤原县,85452
Heilongjiang,克山县,83153
Heilongjiang,延寿县,81979
Heilongjiang,抚远市,79754
Heilongjiang,绥滨县,76515
Heilongjiang,拜泉县,75954
Heilongjiang,桦川县,74379
Heilongjiang,友谊县,74068
Heilongjiang,林甸县,72283
Heilongjiang,明水县,71656
Heilongjiang,南岔县,68285
Heilongjiang,克东县,60866
Heilongjiang,木兰县,60560
Heilongjiang,丰林县,58652
Heilongjiang,漠河市,53460
Heilongjiang,塔河县,47941
Heilongjiang,新林区,20362
Henan,郑州市,6461013
Henan,洛阳市,2230661
Henan,南阳市,1407616
Henan,新乡市,1271350
Henan,开封市,1193802
Henan,安阳市,1187772
Henan,平顶山市,1045966
Henan,商丘市,1031123
Henan,信阳市,1014843
Henan,焦作市,874733
Henan,许昌市,850403
Henan,濮阳市,824397
Henan,漯河市,807745
Henan,新郑市,787544
Henan,驻马店市,754320
Henan,永城市,644718
Henan,鹤壁市,571043
Henan,禹州市,565152
Henan,中牟县,544564
Henan,林州市,539951
Henan,邓州市,534993
Henan,新密市,529272
Henan,周口市,523001
Henan,长垣市,521702
Henan,巩义市,511241
Henan,项城市,493654
Henan,济源市,490682
Henan,唐河县,479917
Henan,太康县,468046
Henan,汝州市,466464
Henan,固始县,465901
Henan,三门峡市,449328
Henan,辉县市,429057
Henan,登封市,426744
Henan,滑县,425261
Henan,荥阳市,424072
Henan,濮阳县,418131
Henan,虞城县,411655
Henan,长葛市,396741
Henan,沈丘县,390421
Henan,伊川县,389489
Henan,商水县,383034
Henan,夏邑县,382963
Henan,方城县,381945
Henan,镇平县,379965
Henan,郸城县,378669
Henan,鹿邑县,368713
Henan,兰考县,364379
Henan,杞县,362118
Henan,潢川县,361232
Henan,尉氏县,357529
Henan,偃师市,352621
Henan,上蔡县,347593
Henan,淮阳区,339754
Henan,安阳县,335818
Henan,柘城县,320115
Henan,武陟县,319494
Henan,泌阳县,316424
Henan,平舆县,311620
Henan,民权县,307299
Henan,原阳县,298570
Henan,临颍县,297683
Henan,襄城县,287233
Henan,睢县,281426
Henan,沁阳市,279809
Henan,淅川县,279603
Henan,灵宝市,279168
Henan,新蔡县,278585
Henan,封丘县,277599
Henan,西华县,275033
Henan,新野县,273782
Henan,西平县,270448
Henan,宜阳县,270333
Henan,内乡县,265290
Henan,新安县,264091
Henan,叶县,258500
Henan,鲁山县,256935
Henan,息县,249958
Henan,光山县,249694
Henan,鄢陵县,245851
Henan,西峡县,243180
Henan,孟津县,240244
Henan,社旗县,237977
Henan,淮滨县,234516
Henan,汤阴县,234400
Henan,宝丰县,231994
Henan,正阳县,231850
Henan,浚县,231457
Henan,宁陵县,230906
Henan,南召县,230233
Henan,卫辉市,227143
Henan,汝南县,225114
Henan,嵩县,224710
Henan,扶沟县,223014
Henan,通许县,222665
Henan,罗山县,219624
Henan,温县,215276
Henan,博爱县,206007
Henan,获嘉县,202101
Henan,汝阳县,200694
Henan,桐柏县,199493
Henan,新乡县,199093
Henan,郏县,197410
Henan,清丰县,196789
Henan,栾川县,195900
Henan,上街区,194579
Henan,遂平县,194549
Henan,舞阳县,192930
Henan,孟州市,190965
Henan,商城县,184718
Henan,内黄县,182078
Henan,舞钢市,173152
Henan,延津县,173088
Henan,南乐县,167445
Henan,渑池县,166528
Henan,确山县,163130
Henan,范县,160678
Henan,洛宁县,154575
Henan,淇县,152504
Henan,新县,144197
Henan,卢氏县,138395
Henan,修武县,133105
Henan,义马市,131745
Henan,台前县,117318
Hubei,武汉市,10494879
Hubei,襄阳市,1686403
Hubei,宜昌市,1284305
Hubei,十堰市,954914
Hubei,荆州市,950215
Hubei,仙桃市,752155
Hubei,孝感市,742452
Hubei,鄂州市,715268
Hubei,黄石市,695894
Hubei,荆门市,628028
Hubei,汉川市,547969
Hubei,大冶市,529170
Hubei,随州市,526606
Hubei,天门市,502908
Hubei,潜江市,494334
Hubei,恩施市,492268
Hubei,监利市,491011
Hubei,枣阳市,481004
Hubei,咸宁市,480879
Hubei,钟祥市,439394
Hubei,麻城市,435076
Hubei,阳新县,403473
Hubei,广水市,387070
Hubei,武穴市,379040
Hubei,黄梅县,370480
Hubei,黄冈市,367610
Hubei,利川市,337946
Hubei,公安县,337206
Hubei,松滋市,306049
Hubei,应城市,304741
Hubei,蕲春县,304208
Hubei,洪湖市,304073
Hubei,赤壁市,289798
Hubei,安陆市,280695
Hubei,江陵县,275710
Hubei,京山市,272963
Hubei,丹江口市,260570
Hubei,浠水县,256925
Hubei,谷城县,255128
Hubei,随县,250226
Hubei,宜城市,244410
Hubei,枝江市,243784
Hubei,云梦县,243691
Hubei,红安县,242775
Hubei,老河口市,241431
Hubei,石首市,240082
Hubei,大悟县,238832
Hubei,当阳市,224057
Hubei,孝昌县,223866
Hubei,崇阳县,212269
Hubei,南漳县,211310
Hubei,罗田县,209804
Hubei,宜都市,208903
Hubei,通城县,199634
Hubei,郧阳区,190459
Hubei,沙洋县,184893
Hubei,通山县,173289
Hubei,建始县,173194
Hubei,房县,164660
Hubei,巴东县,158088
Hubei,嘉鱼县,152445
Hubei,郧西县,151455
Hubei,竹山县,142969
Hubei,咸丰县,138079
Hubei,来凤县,129303
Hubei,秭归县,123233
Hubei,英山县,122928
Hubei,竹溪县,122558
Hubei,宣恩县,109931
Hubei,团风县,108531
Hubei,保康县,102160
Hubei,长阳土家族自治县,95467
Hubei,远安县,89816
Hubei,鹤峰县,70442
Hunan,长沙市,6654663
Hunan,株洲市,1510148
Hunan,衡阳市,1185130
Hunan,岳阳市,1125448
Hunan,常德市,1100719
Hunan,湘潭市,978000
Hunan,浏阳市,886257
Hunan,郴州市,819883
Hunan,宁乡市,759080
Hunan,益阳市,758408
Hunan,邵阳市,703612
Hunan,永州市,694392
Hunan,邵东市,590331
Hunan,娄底市,588317
Hunan,怀化市,583156
Hunan,醴陵市,566537
Hunan,耒阳市,529641
Hunan,平江县,505076
Hunan,澧县,430517
Hunan,隆回县,426265
Hunan,常宁市,399286
Hunan,衡阳县,388569
Hunan,桂阳县,382199
Hunan,衡南县,365574
Hunan,张家界市,364219
Hunan,湘乡市,361924
Hunan,桃江县,360520
Hunan,新化县,359490
Hunan,攸县,358748
Hunan,湘潭县,357475
Hunan,桃源县,346040
Hunan,汉寿县,339945
Hunan,邵阳县,339664
Hunan,宁远县,328055
Hunan,洞口县,326549
Hunan,祁东县,321182
Hunan,吉首市,319566
Hunan,武冈市,316994
Hunan,涟源市,310829
Hunan,湘阴县,309110
Hunan,祁阳市,308968
Hunan,岳阳县,300315
Hunan,道县,298236
Hunan,宜章县,291781
Hunan,华容县,291161
Hunan,永兴县,290574
Hunan,汨罗市,279560
Hunan,沅江市,278146
Hunan,双峰县,277740
Hunan,南县,275041
Hunan,新邵县,271317
Hunan,安化县,270402
Hunan,石门县,265734
Hunan,慈利县,264339
Hunan,冷水江市,260400
Hunan,茶陵县,255958
Hunan,临湘市,253804
Hunan,龙山县,241740
Hunan,新宁县,235603
Hunan,资兴市,213615
Hunan,沅陵县,212592
Hunan,衡东县,207921
Hunan,溆浦县,207405
Hunan,永顺县,199085
Hunan,东安县,197806
Hunan,洪江市,187504
Hunan,安乡县,179923
Hunan,蓝山县,171657
Hunan,嘉禾县,168964
Hunan,新田县,167638
Hunan,临澧县,167210
Hunan,辰溪县,164808
Hunan,临武县,164415
Hunan,安仁县,164035
Hunan,江华瑶族自治县,160935
Hunan,汝城县,158902
Hunan,衡山县,158223
Hunan,桑植县,154962
Hunan,凤凰县,148170
Hunan,麻阳苗族自治县,147618
Hunan,芷江侗族自治县,144538
Hunan,津市市,137979
Hunan,靖州苗族侗族自治县,120761
Hunan,绥宁县,117185
Hunan,会同县,112469
Hunan,保靖县,108556
Hunan,泸溪县,106027
Hunan,中方县,101655
Hunan,城步苗族自治县,96140
Hunan,新晃侗族自治县,96010
Hunan,炎陵县,89681
Hunan,花垣县,88947
Hunan,通道侗族自治县,85745
Hunan,江永县,79979
Hunan,双牌县,75384
Jiangsu,南京市,7519814
Jiangsu,苏州市,5892892
Jiangsu,无锡市,3956985
Jiangsu,常州市,3187315
Jiangsu,南通市,2987600
Jiangsu,徐州市,2845552
Jiangsu,扬州市,2067254
Jiangsu,淮安市,1804611
Jiangsu,昆山市,1652159
Jiangsu,盐城市,1353475
Jiangsu,泰州市,1348327
Jiangsu,江阴市,1331352
Jiangsu,常熟市,1230599
Jiangsu,镇江市,1123813
Jiangsu,宿迁市,1081559
Jiangsu,连云港市,1071019
Jiangsu,张家港市,1055893
Jiangsu,沭阳县,986247
Jiangsu,宜兴市,889871
Jiangsu,邳州市,850815
Jiangsu,丹阳市,792584
Jiangsu,如皋市,761879
Jiangsu,兴化市,649849
Jiangsu,泰兴市,619033
Jiangsu,睢宁县,614577
Jiangsu,海安市,601165
Jiangsu,沛县,596272
Jiangsu,太仓市,586830
Jiangsu,启东市,580157
Jiangsu,赣榆区,569229
Jiangsu,新沂市,549911
Jiangsu,泗洪县,525208
Jiangsu,东台市,524562
Jiangsu,如东县,512131
Jiangsu,泗阳县,510517
Jiangsu,东海县,506989
Jiangsu,丰县,504761
Jiangsu,溧阳市,495507
Jiangsu,阜宁县,465096
Jiangsu,涟水县,465057
Jiangsu,滨海县,458804
Jiangsu,靖江市,453970
Jiangsu,射阳县,452678
Jiangsu,高邮市,422816
Jiangsu,句容市,412996
Jiangsu,大丰区,399497
Jiangsu,宝应县,391839
Jiangsu,金坛区,385034
Jiangsu,建湖县,378759
Jiangsu,盱眙县,374436
Jiangsu,灌云县,358508
Jiangsu,仪征市,356995
Jiangsu,灌南县,323820
Jiangsu,溧水区,322830
Jiangsu,响水县,268785
Jiangsu,高淳区,242597
Jiangsu,扬中市,221434
Jiangsu,金湖县,177633
Jiangsu,洪泽区,170486
Jiangxi,南昌市,4435438
Jiangxi,赣州市,1778132
Jiangxi,上饶市,1342220
Jiangxi,九江市,957424
Jiangxi,宜春市,737782
Jiangxi,萍乡市,733839
Jiangxi,新余市,717107
Jiangxi,抚州市,663329
Jiangxi,景德镇市,540820
Jiangxi,丰城市,501475
Jiangxi,鄱阳县,482376
Jiangxi,吉安市,467617
Jiangxi,高安市,413419
Jiangxi,于都县,396118
Jiangxi,余干县,380261
Jiangxi,信丰县,350502
Jiangxi,修水县,346853
Jiangxi,宁都县,344965
Jiangxi,乐平市,336173
Jiangxi,兴国县,319517
Jiangxi,进贤县,315258
Jiangxi,瑞金市,306358
Jiangxi,玉山县,305770
Jiangxi,贵溪市,294025
Jiangxi,鹰潭市,276548
Jiangxi,樟树市,271341
Jiangxi,吉安县,249544
Jiangxi,万载县,249318
Jiangxi,瑞昌市,246592
Jiangxi,上栗县,245922
Jiangxi,会昌县,244184
Jiangxi,都昌县,241667
Jiangxi,泰和县,237651
Jiangxi,东乡区,236255
Jiangxi,铅山县,218838
Jiangxi,吉水县,218610
Jiangxi,龙南市,205197
Jiangxi,遂川县,203438
Jiangxi,永新县,202566
Jiangxi,上高县,200846
Jiangxi,永丰县,189336
Jiangxi,永修县,187887
Jiangxi,德兴市,183621
Jiangxi,南城县,179326
Jiangxi,浮梁县,175595
Jiangxi,余江区,172834
Jiangxi,万年县,171912
Jiangxi,弋阳县,171504
Jiangxi,分宜县,167834
Jiangxi,婺源县,163900
Jiangxi,武宁县,163506
Jiangxi,奉新县,161938
Jiangxi,安远县,160257
Jiangxi,崇仁县,157528
Jiangxi,宜丰县,154832
Jiangxi,乐安县,152590
Jiangxi,彭泽县,152411
Jiangxi,安福县,146462
Jiangxi,南丰县,144505
Jiangxi,共青城市,143451
Jiangxi,大余县,142268
Jiangxi,寻乌县,141305
Jiangxi,新干县,140831
Jiangxi,庐山市,139355
Jiangxi,芦溪县,137738
Jiangxi,石城县,135954
Jiangxi,安义县,133067
Jiangxi,定南县,132171
Jiangxi,上犹县,129108
Jiangxi,湖口县,124172
Jiangxi,黎川县,122655
Jiangxi,金溪县,122373
Jiangxi,广昌县,115941
Jiangxi,万安县,111770
Jiangxi,德安县,110922
Jiangxi,宜黄县,106565
Jiangxi,莲花县,106275
Jiangxi,横峰县,105647
Jiangxi,井冈山市,97149
Jiangxi,全南县,92179
Jiangxi,崇义县,83504
Jiangxi,峡江县,74617
Jilin,长春市,4557356
Jilin,吉林市,1509292
Jilin,延吉市,630612
Jilin,松原市,551749
Jilin,四平市,485710
Jilin,通化市,408403
Jilin,辽源市,407296
Jilin,白山市,391234
Jilin,公主岭市,384715
Jilin,白城市,372519
Jilin,梅河口市,291138
Jilin,榆树市,253344
Jilin,敦化市,241929
Jilin,九台区,224442
Jilin,德惠市,202988
Jilin,农安县,196832
Jilin,梨树县,193144
Jilin,珲春市,189760
Jilin,抚松县,185588
Jilin,桦甸市,184810
Jilin,舒兰市,176692
Jilin,蛟河市,168313
Jilin,磐石市,163592
Jilin,前郭尔罗斯蒙古族自治县,160878
Jilin,双阳区,159392
Jilin,双辽市,146716
Jilin,大安市,136823
Jilin,长岭县,125129
Jilin,扶余市,124874
Jilin,辉南县,123574
Jilin,洮南市,115946
Jilin,汪清县,114193
Jilin,通榆县,113347
Jilin,东丰县,112665
Jilin,伊通满族自治县,110229
Jilin,镇赉县,105997
Jilin,安图县,104649
Jilin,柳河县,102743
Jilin,永吉县,98727
Jilin,龙井市,96972
Jilin,乾安县,93731
Jilin,临江市,87555
Jilin,集安市,81982
Jilin,和龙市,80419
Jilin,通化县,77528
Jilin,图们市,71023
Jilin,靖宇县,66218
Jilin,东辽县,55287
Liaoning,沈阳市,7026358
Liaoning,大连市,4913879
Liaoning,鞍山市,1480332
Liaoning,抚顺市,1228890
Liaoning,锦州市,1021478
Liaoning,盘锦市,980422
Liaoning,本溪市,808221
Liaoning,辽阳市,764504
Liaoning,葫芦岛市,764241
Liaoning,丹东市,748983
Liaoning,阜新市,699855
Liaoning,海城市,680033
Liaoning,营口市,592575
Liaoning,朝阳市,580995
Liaoning,瓦房店市,454388
Liaoning,鲅鱼圈区,434542
Liaoning,普兰店区,372864
Liaoning,铁岭市,361798
Liaoning,东港市,357229
Liaoning,庄河市,348028
Liaoning,大石桥市,309066
Liaoning,昌图县,259006
Liaoning,开原市,257822
Liaoning,凤城市,252921
Liaoning,凌源市,247488
Liaoning,盖州市,228059
Liaoning,绥中县,223005
Liaoning,兴城市,219545
Liaoning,新民市,218041
Liaoning,辽中区,202962
Liaoning,建平县,196344
Liaoning,北票市,190315
Liaoning,灯塔市,185623
Liaoning,调兵山市,179480
Liaoning,黑山县,177115
Liaoning,岫岩满族自治县,175582
Liaoning,凌海市,167909
Liaoning,北镇市,152033
Liaoning,宽甸满族自治县,148338
Liaoning,阜新蒙古族自治县,146325
Liaoning,台安县,143744
Liaoning,喀喇沁左翼蒙古族自治县,139707
Liaoning,本溪满族自治县,139319
Liaoning,彰武县,126979
Liaoning,建昌县,126184
Liaoning,法库县,123539
Liaoning,辽阳县,121499
Liaoning,铁岭县,120353
Liaoning,清原满族自治县,119968
Liaoning,桓仁满族自治县,105886
Liaoning,盘山县,95266
Liaoning,康平县,94738
Liaoning,义县,94720
Liaoning,新宾满族自治县,93127
Liaoning,朝阳县,80419
Liaoning,西丰县,77160
Neimenggu,呼和浩特市,2373399
Neimenggu,包头市,2104114
Neimenggu,赤峰市,1093068
Neimenggu,鄂尔多斯市,671048
Neimenggu,通辽市,647938
Neimenggu,乌海市,530877
Neimenggu,巴彦淖尔市,413117
Neimenggu,乌兰察布市,394269
Neimenggu,呼伦贝尔市,354442
Neimenggu,锡林浩特市,327112
Neimenggu,乌兰浩特市,318009
Neimenggu,准格尔旗,250568
Neimenggu,牙克石市,239742
Neimenggu,满洲里市,234932
Neimenggu,达拉特旗,207102
Neimenggu,伊金霍洛旗,187774
Neimenggu,扎兰屯市,174049
Neimenggu,阿拉善左旗,167103
Neimenggu,宁城县,153827
Neimenggu,敖汉旗,144417
Neimenggu,扎赉特旗,141147
Neimenggu,乌拉特前旗,136352
Neimenggu,奈曼旗,131429
Neimenggu,霍林郭勒市,130239
Neimenggu,鄂伦春自治旗,128919
Neimenggu,鄂托克旗,128829
Neimenggu,翁牛特旗,127237
Neimenggu,阿荣旗,124589
Neimenggu,开鲁县,123077
Neimenggu,丰镇市,122193
Neimenggu,科尔沁左翼中旗,119166
Neimenggu,扎鲁特旗,118424
Neimenggu,土默特右旗,116238
Neimenggu,杭锦后旗,114058
Neimenggu,五原县,112379
Neimenggu,林西县,109890
Neimenggu,巴林左旗,109060
Neimenggu,鄂温克族自治旗,108893
Neimenggu,喀喇沁旗,107771
Neimenggu,阿鲁科尔沁旗,107140
Neimenggu,科尔沁左翼后旗,106278
Neimenggu,土默特左旗,105947
Neimenggu,乌审旗,98830
Neimenggu,科尔沁右翼中旗,97559
Neimenggu,克什克腾旗,97052
Neimenggu,巴林右旗,94024
Neimenggu,科尔沁右翼前旗,85917
Neimenggu,莫力达瓦达斡尔族自治旗,82870
Neimenggu,突泉县,82506
Neimenggu,和林格尔县,82219
Neimenggu,商都县,81789
Neimenggu,托克托县,76352
Neimenggu,兴和县,75800
Neimenggu,二连浩特市,74252
Neimenggu,根河市,71164
Neimenggu,杭锦旗,69101
Neimenggu,额尔古纳市,54164
Ningxia,银川市,1662968
Ningxia,石嘴山市,422043
Ningxia,吴忠市,400677
Ningxia,固原市,267810
Ningxia,中卫市,249307
Ningxia,贺兰县,222070
Ningxia,永宁县,207698
Ningxia,灵武市,200920
Ningxia,中宁县,163702
Ningxia,平罗县,163459
Ningxia,青铜峡市,142349
Ningxia,同心县,140077
Ningxia,海原县,117462
Ningxia,西吉县,96776
Ningxia,盐池县,88016
Ningxia,彭阳县,61573
Ningxia,隆德县,41744
Qinghai,西宁市,1677177
Qinghai,大通回族土族自治县,205729
Qinghai,格尔木市,197153
Qinghai,民和回族土族自治县,131715
Qinghai,乐都区,125048
Qinghai,互助土族自治县,122069
Qinghai,玉树市,85497
Qinghai,平安区,79736
Qinghai,共和县,67463
Qinghai,德令哈市,65424
Qinghai,湟源县,57710
Qinghai,门源回族自治县,52218
Qinghai,同仁市,49962
Qinghai,循化撒拉族自治县,48386
Qinghai,贵德县,47976
Qinghai,化隆回族自治县,41904
Qinghai,玛沁县,33004
Qinghai,海晏县,28136
Shaanxi,西安市,9392938
Shaanxi,咸阳市,1192776
Shaanxi,宝鸡市,1107702
Shaanxi,榆林市,728791
Shaanxi,汉中市,673476
Shaanxi,安康市,514068
Shaanxi,渭南市,508065
Shaanxi,延安市,488216
Shaanxi,铜川市,417324
Shaanxi,神木市,403133
Shaanxi,兴平市,309463
Shaanxi,蒲城县,290039
Shaanxi,富平县,276070
Shaanxi,韩城市,268583
Shaanxi,靖边县,252595
Shaanxi,大荔县,248343
Shaanxi,商洛市,228426
Shaanxi,乾县,209316
Shaanxi,城固县,208768
Shaanxi,三原县,193269
Shaanxi,岐山县,177127
Shaanxi,勉县,177100
Shaanxi,洛南县,176415
Shaanxi,山阳县,172999
Shaanxi,旬阳县,172313
Shaanxi,府谷县,170867
Shaanxi,定边县,170084
Shaanxi,杨陵区,169254
Shaanxi,凤翔县,168795
Shaanxi,蓝田县,168019
Shaanxi,合阳县,165973
Shaanxi,周至县,162351
Shaanxi,彬州市,160298
Shaanxi,横山区,155501
Shaanxi,洋县,149896
Shaanxi,泾阳县,144717
Shaanxi,礼泉县,142284
Shaanxi,澄城县,138571
Shaanxi,子长市,135474
Shaanxi,华州区,134529
Shaanxi,西乡县,123977
Shaanxi,武功县,122083
Shaanxi,镇安县,121876
Shaanxi,丹凤县,118704
Shaanxi,宁强县,116593
Shaanxi,紫阳县,113893
Shaanxi,绥德县,113480
Shaanxi,华阴市,109472
Shaanxi,扶风县,108297
Shaanxi,眉县,107803
Shaanxi,白水县,107560
Shaanxi,汉阴县,105704
Shaanxi,商南县,96878
Shaanxi,志丹县,94501
Shaanxi,吴起县,93005
Shaanxi,洛川县,90204
Shaanxi,安塞区,89635
Shaanxi,镇巴县,87735
Shaanxi,平利县,86238
Shaanxi,延川县,85912
Shaanxi,陇县,81707
Shaanxi,黄陵县,79779
Shaanxi,旬邑县,76938
Shaanxi,白河县,72830
Shaanxi,略阳县,68296
Shaanxi,柞水县,65207
Shandong,青岛市,6165279
Shandong,济南市,5648162
Shandong,淄博市,2750312
Shandong,临沂市,2743843
Shandong,烟台市,2311885
Shandong,潍坊市,1998405
Shandong,济宁市,1700054
Shandong,泰安市,1416591
Shandong,枣庄市,1349883
Shandong,威海市,1339645
Shandong,菏泽市,1293767
Shandong,日照市,1147175
Shandong,聊城市,1020430
Shandong,东营市,961300
Shandong,滕州市,937438
Shandong,德州市,843372
Shandong,新泰市,774715
Shandong,莱芜市,761440
Shandong,邹城市,755941
Shandong,寿光市,728588
Shandong,诸城市,679204
Shandong,滨州市,646461
Shandong,胶州市,613996
Shandong,肥城市,600866
Shandong,曹县,595392
Shandong,高密市,552844
Shandong,郓城县,536351
Shandong,青州市,534528
Shandong,邹平市,529857
Shandong,平度市,519957
Shandong,龙口市,516205
Shandong,单县,509945
Shandong,安丘市,458893
Shandong,莒县,452756
Shandong,莱州市,450375
Shandong,荣成市,448370
Shandong,临朐县,443653
Shandong,兰陵县,442619
Shandong,巨野县,442277
Shandong,沂水县,439908
Shandong,临清市,436304
Shandong,东明县,427452
Shandong,莱阳市,425631
Shandong,平邑县,423736
Shandong,曲阜市,395524
Shandong,沂南县,390976
Shandong,莱西市,389242
Shandong,费县,387467
Shandong,汶上县,384532
Shandong,金乡县,382212
Shandong,鄄城县,374123
Shandong,莘县,366773
Shandong,东平县,365328
Shandong,嘉祥县,351877
Shandong,桓台县,347331
Shandong,莒南县,345704
Shandong,临沭县,342722
Shandong,宁阳县,340612
Shandong,昌乐县,335877
Shandong,博兴县,328842
Shandong,郯城县,326202
Shandong,微山县,324656
Shandong,广饶县,320308
Shandong,阳谷县,318516
Shandong,齐河县,317019
Shandong,招远市,316468
Shandong,昌邑市,314094
Shandong,梁山县,308731
Shandong,冠县,294764
Shandong,海阳市,293099
Shandong,蓬莱区,287148
Shandong,茌平区,283408
Shandong,成武县,282518
Shandong,无棣县,279833
Shandong,宁津县,263589
Shandong,沂源县,263000
Shandong,乳山市,252895
Shandong,禹城市,243123
Shandong,高唐县,241410
Shandong,陵城区,240137
Shandong,泗水县,237604
Shandong,蒙阴县,223178
Shandong,五莲县,214732
Shandong,乐陵市,208689
Shandong,惠民县,192755
Shandong,武城县,192523
Shandong,东阿县,191349
Shandong,河口区,190141
Shandong,阳信县,186938
Shandong,鱼台县,181059
Shandong,夏津县,180955
Shandong,栖霞市,179396
Shandong,临邑县,179097
Shandong,沾化区,178596
Shandong,商河县,177107
Shandong,平阴县,173298
Shandong,平原县,173175
Shandong,庆云县,149274
Shandong,高青县,133021
Shandong,利津县,95502
Shanghai,上海市,21909814
Shanghai,崇明区,299566
Shanxi,太原市,4303673
Shanxi,大同市,1809505
Shanxi,长治市,1047461
Shanxi,晋中市,716222
Shanxi,临汾市,696393
Shanxi,运城市,692003
Shanxi,阳泉市,647272
Shanxi,晋城市,574665
Shanxi,朔州市,477035
Shanxi,忻州市,384424
Shanxi,孝义市,337489
Shanxi,吕梁市,335285
Shanxi,介休市,291393
Shanxi,洪洞县,252220
Shanxi,怀仁市,247612
Shanxi,高平市,243544
Shanxi,原平市,227046
Shanxi,河津市,225809
Shanxi,平遥县,216298
Shanxi,汾阳市,207473
Shanxi,泽州县,197435
Shanxi,临猗县,191540
Shanxi,太谷区,184347
Shanxi,霍州市,183575
Shanxi,永济市,182248
Shanxi,侯马市,175373
Shanxi,芮城县,175174
Shanxi,阳城县,175023
Shanxi,襄汾县,160963
Shanxi,古交市,159593
Shanxi,平定县,155929
Shanxi,文水县,152454
Shanxi,闻喜县,149638
Shanxi,清徐县,145895
Shanxi,灵石县,144936
Shanxi,柳林县,140139
Shanxi,襄垣县,139555
Shanxi,盂县,135971
Shanxi,临县,133412
Shanxi,繁峙县,127149
Shanxi,交城县,126862
Shanxi,稷山县,124829
Shanxi,屯留区,120581
Shanxi,新绛县,115090
Shanxi,祁县,114598
Shanxi,万荣县,113634
Shanxi,翼城县,112644
Shanxi,垣曲县,111679
Shanxi,山阴县,110109
Shanxi,长子县,104466
Shanxi,绛县,102507
Shanxi,浑源县,101237
Shanxi,应县,99436
Shanxi,五台县,99221
Shanxi,曲沃县,97988
Shanxi,沁水县,96032
Shanxi,壶关县,93004
Shanxi,寿阳县,90524
Shanxi,陵川县,89822
Shanxi,中阳县,89741
Shanxi,夏县,88957
Shanxi,阳高县,87063
Shanxi,定襄县,85823
Shanxi,代县,85432
Shanxi,乡宁县,84800
Shanxi,兴县,82919
Shanxi,平陆县,79415
Shanxi,昔阳县,78903
Shanxi,灵丘县,77999
Shanxi,左权县,76007
Shanxi,保德县,75880
Shanxi,宁武县,73895
Shanxi,沁源县,73053
Shanxi,阳曲县,68528
Shanxi,天镇县,67380
Shanxi,河曲县,65997
Shanxi,沁县,61795
Shanxi,左云县,59504
Sichuan,成都市,13568357
Sichuan,绵阳市,1549499
Sichuan,南充市,1254455
Sichuan,达州市,1135817
Sichuan,泸州市,1128479
Sichuan,宜宾市,1100737
Sichuan,自贡市,868565
Sichuan,遂宁市,829356
Sichuan,乐山市,802817
Sichuan,眉山市,732757
Sichuan,攀枝花市,686063
Sichuan,内江市,683732
Sichuan,西昌市,636367
Sichuan,德阳市,608859
Sichuan,巴中市,608152
Sichuan,简阳市,591224
Sichuan,广元市,556842
Sichuan,广安市,485180
Sichuan,仁寿县,472472
Sichuan,资阳市,462287
Sichuan,射洪市,442852
Sichuan,都江堰市,436619
Sichuan,宣汉县,425188
Sichuan,金堂县,419000
Sichuan,中江县,392548
Sichuan,崇州市,391259
Sichuan,江油市,387892
Sichuan,渠县,384700
Sichuan,大竹县,383959
Sichuan,彭州市,383409
Sichuan,广汉市,368933
Sichuan,南部县,367146
Sichuan,雅安市,343062
Sichuan,资中县,335392
Sichuan,邛崃市,322777
Sichuan,泸县,315076
Sichuan,富顺县,305613
Sichuan,阆中市,303044
Sichuan,邻水县,299055
Sichuan,岳池县,295562
Sichuan,安岳县,291881
Sichuan,合江县,288189
Sichuan,威远县,278052
Sichuan,隆昌市,275419
Sichuan,营山县,273674
Sichuan,平昌县,263361
Sichuan,仪陇县,262911
Sichuan,大邑县,259291
Sichuan,峨眉山市,252682
Sichuan,三台县,245091
Sichuan,绵竹市,232761
Sichuan,什邡市,223320
Sichuan,古蔺县,212656
Sichuan,武胜县,208632
Sichuan,荣县,204961
Sichuan,通江县,203337
Sichuan,江安县,201779
Sichuan,乐至县,199057
Sichuan,叙永县,193064
Sichuan,南溪区,189818
Sichuan,开江县,180354
Sichuan,西充县,180243
Sichuan,珙县,177778
Sichuan,南江县,177443
Sichuan,会理县,176562
Sichuan,蓬安县,174461
Sichuan,大英县,172275
Sichuan,万源市,172148
Sichuan,犍为县,169399
Sichuan,苍溪县,168843
Sichuan,蓬溪县,168158
Sichuan,长宁县,161171
Sichuan,高县,160494
Sichuan,剑阁县,159689
Sichuan,兴文县,152533
Sichuan,华蓥市,145959
Sichuan,冕宁县,144474
Sichuan,旺苍县,143920
Sichuan,夹江县,143741
Sichuan,盐亭县,143008
Sichuan,会东县,141625
Sichuan,筠连县,136519
Sichuan,洪雅县,134025
Sichuan,汉源县,122577
Sichuan,蒲江县,121044
Sichuan,井研县,114234
Sichuan,盐源县,110149
Sichuan,罗江区,107961
Sichuan,米易县,99881
Sichuan,越西县,95515
Sichuan,梓潼县,93249
Sichuan,德昌县,92630
Sichuan,石棉县,87277
Sichuan,青神县,78718
Sichuan,屏山县,77415
Sichuan,宁南县,71243
Sichuan,康定市,69728
Sichuan,马边彝族自治县,69203
Sichuan,沐川县,64194
Sichuan,北川羌族自治县,59976
Sichuan,青川县,55231
Sichuan,雷波县,52833
Sichuan,马尔康市,31405
Tianjin,天津市,11052404
Tianjin,蓟州区,382996
Tianjin,宝坻区,309040
Xizang,拉萨市,568927
Xizang,日喀则市,94464
Xizang,林芝市,60696
Xizang,乃东区,54188
Xizang,昌都市,50127
Xizang,那曲市,31436
Xizang,噶尔县,23824
Xizang,贡嘎县,14101
Xinjiang,乌鲁木齐市,3842560
Xinjiang,伊宁市,654726
Xinjiang,库尔勒市,490961
Xinjiang,阿克苏市,470601
Xinjiang,石河子市,461663
Xinjiang,昌吉市,451234
Xinjiang,哈密市,426072
Xinjiang,喀什市,392730
Xinjiang,克拉玛依市,332474
Xinjiang,和田市,293056
Xinjiang,莎车县,283622
Xinjiang,库车县,262771
Xinjiang,阿拉尔市,239647
Xinjiang,奎屯市,224471
Xinjiang,博乐市,177536
Xinjiang,新源县,164797
Xinjiang,乌苏市,156437
Xinjiang,沙湾县,150317
Xinjiang,阿勒泰市,147301
Xinjiang,吐鲁番市,143456
Xinjiang,伽师县,142535
Xinjiang,叶城县,139558
Xinjiang,图木舒克市,128056
Xinjiang,呼图壁县,126662
Xinjiang,玛纳斯县,125419
Xinjiang,阜康市,125080
Xinjiang,塔城市,122447
Xinjiang,额敏县,119464
Xinjiang,五家渠市,118893
Xinjiang,奇台县,114985
Xinjiang,墨玉县,109787
Xinjiang,阿图什市,105855
Xinjiang,霍城县,102885
Xinjiang,鄯善县,98455
Xinjiang,沙雅县,92275
Xinjiang,托克逊县,91384
Xinjiang,吉木萨尔县,91164
Xinjiang,伊宁县,87543
Xinjiang,巴楚县,85146
Xinjiang,和静县,84773
Xinjiang,独山子区,84395
Xinjiang,温宿县,83110
Xinjiang,新和县,78597
Xinjiang,铁门关市,77969
Xinjiang,巩留县,77106
Xinjiang,于田县,75124
Xinjiang,阿瓦提县,74301
Xinjiang,精河县,71442
Xinjiang,麦盖提县,69806
Xinjiang,拜城县,67379
Xinjiang,白碱滩区,50825
Yunnan,昆明市,5273144
Yunnan,曲靖市,976161
Yunnan,宣威市,691922
Yunnan,昭通市,589260
Yunnan,大理市,549189
Yunnan,蒙自市,430355
Yunnan,玉溪市,426993
Yunnan,楚雄市,426823
Yunnan,文山市,424760
Yunnan,安宁市,399779
Yunnan,镇雄县,380958
Yunnan,保山市,378240
Yunnan,景洪市,358517
Yunnan,普洱市,327733
Yunnan,个旧市,310521
Yunnan,会泽县,308987
Yunnan,弥勒市,287637
Yunnan,建水县,271874
Yunnan,腾冲市,238974
Yunnan,丽江市,238828
Yunnan,陆良县,234000
Yunnan,砚山县,227250
Yunnan,开远市,227231
Yunnan,嵩明县,220650
Yunnan,芒市,216426
Yunnan,广南县,212334
Yunnan,临沧市,211878
Yunnan,罗平县,210951
Yunnan,宜良县,210672
Yunnan,瑞丽市,208658
Yunnan,祥云县,185948
Yunnan,师宗县,170829
Yunnan,富源县,166806
Yunnan,通海县,160858
Yunnan,东川区,160192
Yunnan,鲁甸县,157168
Yunnan,禄劝彝族苗族自治县,154828
Yunnan,泸水市,148759
Yunnan,巧家县,148593
Yunnan,彝良县,148101
Yunnan,威信县,144760
Yunnan,泸西县,143256
Yunnan,永善县,136660
Yunnan,禄丰县,135875
Yunnan,寻甸回族彝族自治县,135188
Yunnan,勐腊县,131985
Yunnan,云县,129255
Yunnan,丘北县,123079
Yunnan,江川区,122617
Yunnan,勐海县,122048
Yunnan,巍山彝族回族自治县,118687
Yunnan,石屏县,111857
Yunnan,马关县,109507
Yunnan,富宁县,107241
Yunnan,石林彝族自治县,107107
Yunnan,凤庆县,106946
Yunnan,永胜县,106881
Yunnan,新平彝族傣族自治县,105747
Yunnan,宾川县,105589
Yunnan,昌宁县,105510
Yunnan,盈江县,105367
Yunnan,澜沧拉祜族自治县,102933
Yunnan,盐津县,102392
Yunnan,耿马傣族佤族自治县,99117
Yunnan,宁蒗彝族自治县,97735
Yunnan,弥渡县,96685
Yunnan,元江哈尼族彝族傣族自治县,91083
Yunnan,兰坪白族普米族自治县,90376
Yunnan,武定县,90360
Yunnan,景东彝族自治县,90245
Yunnan,墨江哈尼族自治县,89997
Yunnan,金平苗族瑶族傣族自治县,89341
Yunnan,景谷傣族彝族自治县,86176
Yunnan,元谋县,82471
Yunnan,鹤庆县,81862
Yunnan,澄江市,81492
Yunnan,永德县,80176
Yunnan,玉龙纳西族自治县,78961
Yunnan,富民县,78898
Yunnan,易门县,77752
Yunnan,华宁县,77566
Yunnan,大姚县,77222
Yunnan,香格里拉市,75300
Yunnan,华坪县,75042
Yunnan,大关县,71713
Yunnan,陇川县,71550
Zhejiang,杭州市,9236032
Zhejiang,宁波市,3731203
Zhejiang,温州市,2582017
Zhejiang,绍兴市,2333080
Zhejiang,台州市,1485502
Zhejiang,义乌市,1481384
Zhejiang,慈溪市,1457510
Zhejiang,嘉兴市,1188321
Zhejiang,湖州市,1083953
Zhejiang,金华市,1040948
Zhejiang,余姚市,1013866
Zhejiang,瑞安市,1012731
Zhejiang,乐清市,949585
Zhejiang,温岭市,920913
Zhejiang,诸暨市,762917
Zhejiang,海宁市,752775
Zhejiang,东阳市,738721
Zhejiang,桐乡市,690641
Zhejiang,舟山市,645653
Zhejiang,永康市,638563
Zhejiang,衢州市,576688
Zhejiang,苍南县,575197
Zhejiang,临海市,551458
Zhejiang,平阳县,532286
Zhejiang,永嘉县,482975
Zhejiang,嘉善县,473639
Zhejiang,玉环市,468554
Zhejiang,龙港市,450286
Zhejiang,平湖市,449636
Zhejiang,宁海县,437960
Zhejiang,长兴县,430311
Zhejiang,丽水市,429633
Zhejiang,嵊州市,386087
Zhejiang,安吉县,355179
Zhejiang,象山县,348453
Zhejiang,奉化区,346612
Zhejiang,德清县,341128
Zhejiang,桐庐县,318780
Zhejiang,兰溪市,318165
Zhejiang,海盐县,297920
Zhejiang,江山市,289269
Zhejiang,武义县,287898
Zhejiang,青田县,270319
Zhejiang,新昌县,261282
Zhejiang,天台县,251383
Zhejiang,建德市,233658
Zhejiang,缙云县,230304
Zhejiang,仙居县,223978
Zhejiang,浦江县,209274
Zhejiang,三门县,202924
Zhejiang,龙游县,185813
Zhejiang,龙泉市,165567
Zhejiang,淳安县,153611
Zhejiang,岱山县,142851
Zhejiang,开化县,131023
Zhejiang,常山县,127705
Zhejiang,文成县,125062
Zhejiang,泰顺县,119245
Zhejiang,遂昌县,106969
Zhejiang,松阳县,97751
Zhejiang,云和县,94499
Zhejiang,磐安县,93187
Zhejiang,庆元县,90524
Zhejiang,洞头区,78605
Taiwan,大臺北,6567419
Taiwan,高雄市,2774470
Taiwan,臺中市,2664394
Taiwan,桃園市,2013305
Taiwan,臺南市,1876960
Taiwan,新竹市,420052
Taiwan,基隆市,379927
Taiwan,嘉義市,271526
Taiwan,彰化市,236646
Taiwan,屏東市,209416
Taiwan,竹北市,146826
Taiwan,員林市,125144
Taiwan,花蓮市,108755
Taiwan,臺東市,108310
Taiwan,斗六市,107143
Taiwan,南投市,103687
Taiwan,草屯鎮,99249
Taiwan,頭份市,98377
Taiwan,竹東鎮,96421
Taiwan,宜蘭市,95521
Taiwan,苗栗市,90900
Taiwan,和美鎮,90173
Taiwan,鹿港鎮,85476
Taiwan,埔里鎮,84596
Taiwan,竹南鎮,79656
Taiwan,羅東鎮,72860
Taiwan,虎尾鎮,70080
Taiwan,竹山鎮,57988
Taiwan,馬公市,57468
Taiwan,溪湖鎮,55918
Taiwan,潮州鎮,55312
Taiwan,二林鎮,53552
Taiwan,東港鎮,49568
Taiwan,苑裡鎮,48506
Taiwan,西螺鎮,48125
Taiwan,斗南鎮,46815
Taiwan,朴子市,43895
Taiwan,田中鎮,43652
Taiwan,北港鎮,42483
Taiwan,蘇澳鎮,42417
Taiwan,後龍鎮,38986
Taiwan,通霄鎮,37614
Taiwan,太保市,36673
Taiwan,新埔鎮,35240
Taiwan,金城鎮,34245
Taiwan,北斗鎮,33379
Taiwan,大林鎮,33207
Taiwan,關西鎮,31553
Taiwan,恆春鎮,30867
Taiwan,頭城鎮,30556
Taiwan,土庫鎮,30247
Taiwan,布袋鎮,29664
Taiwan,玉里鎮,26452
Taiwan,金湖鎮,22738
Taiwan,卓蘭鎮,18417
Taiwan,金沙鎮,16301
Taiwan,成功鎮,15542
Taiwan,集集鎮,11737
Taiwan,鳳林鎮,11712
Taiwan,關山鎮,9559